HSNCode,CGSTRate,SGSTRate,IGSTRate
0202,2.5,2.5,5
0203,2.5,2.5,5
0204,2.5,2.5,5
0205,2.5,2.5,5
0206,2.5,2.5,5
0207,2.5,2.5,5
0208,2.5,2.5,5
0209,2.5,2.5,5
0210,2.5,2.5,5
0303,2.5,2.5,5
0304,2.5,2.5,5
0305,2.5,2.5,5
0306,2.5,2.5,5
0307,2.5,2.5,5
0308,2.5,2.5,5
0401,2.5,2.5,5
0402,2.5,2.5,5
0403,2.5,2.5,5
0404,2.5,2.5,5
0406,2.5,2.5,5
0408,2.5,2.5,5
0409,2.5,2.5,5
0410,2.5,2.5,5
0502,2.5,2.5,5
0504,2.5,2.5,5
0505,2.5,2.5,5
0507,2.5,2.5,5
0508,2.5,2.5,5
0510,2.5,2.5,5
0511,2.5,2.5,5
07,2.5,2.5,5
0713,2.5,2.5,5
0714,2.5,2.5,5
0801,2.5,2.5,5
0802,2.5,2.5,5
0813,2.5,2.5,5
0802,2.5,2.5,5
08,2.5,2.5,5
0804,2.5,2.5,5
0806,2.5,2.5,5
0811,2.5,2.5,5
0812,2.5,2.5,5
0814,2.5,2.5,5
0901,2.5,2.5,5
0902,2.5,2.5,5
0903,2.5,2.5,5
0904,2.5,2.5,5
0905,2.5,2.5,5
0906,2.5,2.5,5
0907,2.5,2.5,5
0908,2.5,2.5,5
0909,2.5,2.5,5
0910,2.5,2.5,5
10,2.5,2.5,5
1001,2.5,2.5,5
1002,2.5,2.5,5
1003,2.5,2.5,5
1004,2.5,2.5,5
1005,2.5,2.5,5
1006,2.5,2.5,5
1007,2.5,2.5,5
1008,2.5,2.5,5
1101,2.5,2.5,5
1102,2.5,2.5,5
1103,2.5,2.5,5
1104,2.5,2.5,5
1105,2.5,2.5,5
1106,2.5,2.5,5
713,2.5,2.5,5
1109 00 00,2.5,2.5,5
12,2.5,2.5,5
1201,2.5,2.5,5
1202,2.5,2.5,5
1203,2.5,2.5,5
1204,2.5,2.5,5
1205,2.5,2.5,5
1206,2.5,2.5,5
1207,2.5,2.5,5
1208,2.5,2.5,5
1210 20 00,2.5,2.5,5
1211,2.5,2.5,5
1212,2.5,2.5,5
1301,2.5,2.5,5
1301,2.5,2.5,5
13,2.5,2.5,5
1401,2.5,2.5,5
1404,2.5,2.5,5
1404,2.5,2.5,5
3305,2.5,2.5,5
1507,2.5,2.5,5
1508,2.5,2.5,5
1509,2.5,2.5,5
1510,2.5,2.5,5
1511,2.5,2.5,5
1512,2.5,2.5,5
1513,2.5,2.5,5
1514,2.5,2.5,5
1515,2.5,2.5,5
1516,2.5,2.5,5
1517,2.5,2.5,5
1518,2.5,2.5,5
1701,2.5,2.5,5
1702,2.5,2.5,5
1704,2.5,2.5,5
1801,2.5,2.5,5
1802,2.5,2.5,5
1803,2.5,2.5,5
1901 20 00,2.5,2.5,5
1902,2.5,2.5,5
1903,2.5,2.5,5
1905,2.5,2.5,5
1905,2.5,2.5,5
2106,2.5,2.5,5
1905 40 00,2.5,2.5,5
2106,2.5,2.5,5
2106 90,2.5,2.5,5
2106 90,2.5,2.5,5
2201 90 10,2.5,2.5,5
2207,2.5,2.5,5
2301,2.5,2.5,5
2302,2.5,2.5,5
2302,2.5,2.5,5
2303,2.5,2.5,5
2304,2.5,2.5,5
2305,2.5,2.5,5
2306,2.5,2.5,5
2307,2.5,2.5,5
2401,2.5,2.5,5
2502,2.5,2.5,5
2503,2.5,2.5,5
2504,2.5,2.5,5
2505,2.5,2.5,5
2506,2.5,2.5,5
2507,2.5,2.5,5
2508,2.5,2.5,5
2509,2.5,2.5,5
2510,2.5,2.5,5
2511,2.5,2.5,5
2512,2.5,2.5,5
2513,2.5,2.5,5
2514,2.5,2.5,5
2515,2.5,2.5,5
6802,2.5,2.5,5
2515 11 00,2.5,2.5,5
2516,2.5,2.5,5
2516 11 00,2.5,2.5,5
2517,2.5,2.5,5
2518,2.5,2.5,5
2519,2.5,2.5,5
2520,2.5,2.5,5
2521,2.5,2.5,5
2522,2.5,2.5,5
2524,2.5,2.5,5
2525,2.5,2.5,5
2526,2.5,2.5,5
2528,2.5,2.5,5
2529,2.5,2.5,5
2530,2.5,2.5,5
26,2.5,2.5,5
2601,2.5,2.5,5
2602,2.5,2.5,5
2603,2.5,2.5,5
2604,2.5,2.5,5
2605,2.5,2.5,5
2606,2.5,2.5,5
2607,2.5,2.5,5
2608,2.5,2.5,5
2609,2.5,2.5,5
2610,2.5,2.5,5
2611,2.5,2.5,5
2612,2.5,2.5,5
2613,2.5,2.5,5
2614,2.5,2.5,5
2615,2.5,2.5,5
2616,2.5,2.5,5
2617,2.5,2.5,5
2618,2.5,2.5,5
2621,2.5,2.5,5
27,2.5,2.5,5
2701,2.5,2.5,5
2702,2.5,2.5,5
2703,2.5,2.5,5
2704,2.5,2.5,5
2705,2.5,2.5,5
2706,2.5,2.5,5
2710,2.5,2.5,5
2711 12 00,2.5,2.5,5
2711 13 00,2.5,2.5,5
2711 19 00,2.5,2.5,5
28,2.5,2.5,5
28,2.5,2.5,5
28,2.5,2.5,5
28,2.5,2.5,5
2805 11,2.5,2.5,5
2809,2.5,2.5,5
2845,2.5,2.5,5
2853,2.5,2.5,5
30,2.5,2.5,5
3002,2.5,2.5,5
3006,2.5,2.5,5
30,2.5,2.5,5
30,2.5,2.5,5
30,2.5,2.5,5
30,2.5,2.5,5
30,2.5,2.5,5
30,2.5,2.5,5
30,2.5,2.5,5
30,2.5,2.5,5
3101,2.5,2.5,5
3102,2.5,2.5,5
3103,2.5,2.5,5
3104,2.5,2.5,5
3105,2.5,2.5,5
32,2.5,2.5,5
3202,2.5,2.5,5
3307 41 00,2.5,2.5,5
3402,2.5,2.5,5
3915,2.5,2.5,5
4001,2.5,2.5,5
4004 00 00,2.5,2.5,5
4011 30 00,2.5,2.5,5
4011,2.5,2.5,5
4013,2.5,2.5,5
4016,2.5,2.5,5
4017,2.5,2.5,5
4101,2.5,2.5,5
4102,2.5,2.5,5
4103,2.5,2.5,5
4104,2.5,2.5,5
4105,2.5,2.5,5
4106,2.5,2.5,5
4107,2.5,2.5,5
4112,2.5,2.5,5
4113,2.5,2.5,5
4114,2.5,2.5,5
4115,2.5,2.5,5
4401,2.5,2.5,5
4501,2.5,2.5,5
4601,2.5,2.5,5
4602,2.5,2.5,5
4707,2.5,2.5,5
4801,2.5,2.5,5
4823,2.5,2.5,5
4901,2.5,2.5,5
5004,2.5,2.5,5
5005,2.5,2.5,5
5006,2.5,2.5,5
5007,2.5,2.5,5
5104,2.5,2.5,5
5105,2.5,2.5,5
5106,2.5,2.5,5
5107,2.5,2.5,5
5108,2.5,2.5,5
5109,2.5,2.5,5
5110,2.5,2.5,5
5111,2.5,2.5,5
5112,2.5,2.5,5
5113,2.5,2.5,5
5201,2.5,2.5,5
5202,2.5,2.5,5
5023,2.5,2.5,5
5204,2.5,2.5,5
5205,2.5,2.5,5
5206,2.5,2.5,5
5207,2.5,2.5,5
5208,2.5,2.5,5
5209,2.5,2.5,5
5210,2.5,2.5,5
5211,2.5,2.5,5
5212,2.5,2.5,5
5301,2.5,2.5,5
5302,2.5,2.5,5
5303,2.5,2.5,5
5305,2.5,2.5,5
5306,2.5,2.5,5
5307,2.5,2.5,5
5308,2.5,2.5,5
5309,2.5,2.5,5
5310,2.5,2.5,5
5311,2.5,2.5,5
5407,2.5,2.5,5
5408,2.5,2.5,5
5512,2.5,2.5,5
5513,2.5,2.5,5
5514,2.5,2.5,5
5515,2.5,2.5,5
5516,2.5,2.5,5
5605 0010,2.5,2.5,5
5607,2.5,2.5,5
5608,2.5,2.5,5
5609,2.5,2.5,5
5702,2.5,2.5,5
5703,2.5,2.5,5
5705,2.5,2.5,5
5801,2.5,2.5,5
5806,2.5,2.5,5
5808,2.5,2.5,5
5809,2.5,2.5,5
5810,2.5,2.5,5
60,2.5,2.5,5
61,2.5,2.5,5
6501,2.5,2.5,5
6505,2.5,2.5,5
62,2.5,2.5,5
63,2.5,2.5,5
6309,2.5,2.5,5
6310,2.5,2.5,5
64,2.5,2.5,5
6602 00 00,2.5,2.5,5
6815,2.5,2.5,5
6901 00 10,2.5,2.5,5
6904 10 00,2.5,2.5,5
6905 10 00,2.5,2.5,5
7001,2.5,2.5,5
7018,2.5,2.5,5
84,2.5,2.5,5
8407 10 00,2.5,2.5,5
8411,2.5,2.5,5
8413,2.5,2.5,5
8413 91,2.5,2.5,5
8419 19,2.5,2.5,5
8437,2.5,2.5,5
8504,2.5,2.5,5
84,2.5,2.5,5
85,2.5,2.5,5
94,2.5,2.5,5
8509,2.5,2.5,5
84,2.5,2.5,5
85,2.5,2.5,5
87,2.5,2.5,5
8713,2.5,2.5,5
8714 20,2.5,2.5,5
88,2.5,2.5,5
8802,2.5,2.5,5
8803,2.5,2.5,5
8901,2.5,2.5,5
8902,2.5,2.5,5
8904,2.5,2.5,5
8905,2.5,2.5,5
8906,2.5,2.5,5
8907,2.5,2.5,5
90,2.5,2.5,5
90,2.5,2.5,5
90,2.5,2.5,5
84,2.5,2.5,5
90,2.5,2.5,5
90,2.5,2.5,5
9404,2.5,2.5,5
9401 10 00,2.5,2.5,5
9405 50 31,2.5,2.5,5
9405 91 00,2.5,2.5,5
9405 92 00,2.5,2.5,5
9405 99 00,2.5,2.5,5
9503,2.5,2.5,5
9507,2.5,2.5,5
9601,2.5,2.5,5
9603,2.5,2.5,5
9704,2.5,2.5,5
9705,2.5,2.5,5
9804,2.5,2.5,5
4601,2.5,2.5,5
4602,2.5,2.5,5
4823,2.5,2.5,5
5607,2.5,2.5,5
5609,2.5,2.5,5
5609 00 20,2.5,2.5,5
5609 00 90,2.5,2.5,5
57,2.5,2.5,5
5804 30 00,2.5,2.5,5
5805,2.5,2.5,5
5808 10,2.5,2.5,5
5810,2.5,2.5,5
6117,2.5,2.5,5
6214,2.5,2.5,5
7018 10,2.5,2.5,5
7018 10,2.5,2.5,5
Any Chapter,2.5,2.5,5
Any Chapter,2.5,2.5,5
01012100,6,6,12
010129,6,6,12
0402 91 10,6,6,12
0402 99 20,6,6,12
0405,6,6,12
0406,6,6,12
0801,6,6,12
0802,6,6,12
0804,6,6,12
0805,6,6,12
0813,6,6,12
1108,6,6,12
1501,6,6,12
1502,6,6,12
1503,6,6,12
1504,6,6,12
1505,6,6,12
1506,6,6,12
1516,6,6,12
1517,6,6,12
1518,6,6,12
1601,6,6,12
1602,6,6,12
1603,6,6,12
1603,6,6,12
1604,6,6,12
1701 91,6,6,12
1701 99,6,6,12
1704,6,6,12
1902,6,6,12
1605,6,6,12
2001,6,6,12
2002,6,6,12
2003,6,6,12
2004,6,6,12
2005,6,6,12
2006,6,6,12
2007,6,6,12
2008,6,6,12
2009,6,6,12
2101 30,6,6,12
2102,6,6,12
2103,6,6,12
2106,6,6,12
2106 90,6,6,12
2106 90 91,6,6,12
2201,6,6,12
2202 99 10,6,6,12
2202 99 20,6,6,12
2202 99 90,6,6,12
2202 99 30,6,6,12
2515 12 10,6,6,12
2516,6,6,12
28,6,6,12
28,6,6,12
28,6,6,12
28,6,6,12
38,6,6,12
2801 20,6,6,12
2804 40 10,6,6,12
2847,6,6,12
29,6,6,12
3808 93,6,6,12
3001,6,6,12
3002,6,6,12
3003,6,6,12
3004,6,6,12
3005,6,6,12
3006,6,6,12
3215,6,6,12
3306 10 10,6,6,12
3307 41 00,6,6,12
29,6,6,12
30,6,6,12
3301,6,6,12
3406,6,6,12
3605 00 10,6,6,12
3701,6,6,12
3705,6,6,12
3706,6,6,12
3808,6,6,12
3818,6,6,12
3822,6,6,12
3826,6,6,12
3926,6,6,12
3926,6,6,12
4007,6,6,12
4014,6,6,12
4015,6,6,12
4016,6,6,12
4202 22 20,6,6,12
4202 22 30,6,6,12
4203,6,6,12
44,6,6,12
44,6,6,12
68,6,6,12
83,6,6,12
4404,6,6,12
4405,6,6,12
4406,6,6,12
4408,6,6,12
4409,6,6,12
4415,6,6,12
4416,6,6,12
4417,6,6,12
4418,6,6,12
4419,6,6,12
4420,6,6,12
4421,6,6,12
4502 00 00,6,6,12
4503,6,6,12
4504,6,6,12
4701,6,6,12
4702,6,6,12
4703,6,6,12
4704,6,6,12
4705,6,6,12
4706,6,6,12
4802,6,6,12
4804,6,6,12
4805,6,6,12
4806 20 00,6,6,12
4806 40 10,6,6,12
4807,6,6,12
4808,6,6,12
4810,6,6,12
4811,6,6,12
4817 30,6,6,12
4819,6,6,12
4820,6,6,12
4823,6,6,12
48,6,6,12
4906 00 00,6,6,12
4907,6,6,12
4908,6,6,12
4909,6,6,12
4910,6,6,12
4911,6,6,12
5401,6,6,12
5402,6,6,12
5403,6,6,12
5404,6,6,12
5405,6,6,12
5406,6,6,12
5508,6,6,12
5509,6,6,12
5510,6,6,12
5511,6,6,12
5601,6,6,12
5602,6,6,12
5603,6,6,12
5604,6,6,12
5605,6,6,12
5606,6,6,12
5607,6,6,12
5609,6,6,12
5701,6,6,12
5702,6,6,12
5703,6,6,12
5704,6,6,12
5705,6,6,12
5802,6,6,12
5803,6,6,12
5804,6,6,12
5805,6,6,12
5807,6,6,12
5808,6,6,12
5809,6,6,12
5810,6,6,12
5811,6,6,12
5901,6,6,12
5902,6,6,12
5903,6,6,12
5904,6,6,12
5905,6,6,12
5906,6,6,12
5907,6,6,12
5908,6,6,12
5909,6,6,12
5910,6,6,12
5911,6,6,12
61,6,6,12
62,6,6,12
63,6,6,12
6501,6,6,12
6505,6,6,12
6601,6,6,12
6602,6,6,12
6603,6,6,12
6701,6,6,12
68,6,6,12
6802,6,6,12
6909,6,6,12
6911,6,6,12
6912,6,6,12
6913,6,6,12
7015 10,6,6,12
7020,6,6,12
7310,6,6,12
7326,6,6,12
7317,6,6,12
7319,6,6,12
7321,6,6,12
7323,6,6,12
7418,6,6,12
7419 99 30,6,6,12
7615,6,6,12
8211,6,6,12
8214,6,6,12
8215,6,6,12
8306,6,6,12
8401,6,6,12
8408,6,6,12
8413,6,6,12
8414 20 10,6,6,12
8414 20 20,6,6,12
8414 90 12,6,6,12
8420,6,6,12
8424,6,6,12
8424,6,6,12
8432,6,6,12
8433,6,6,12
8434,6,6,12
8436,6,6,12
8452,6,6,12
8479,6,6,12
8525 60,6,6,12
8539,6,6,12
8601,6,6,12
8602,6,6,12
8603,6,6,12
8604,6,6,12
8605,6,6,12
8606,6,6,12
8607,6,6,12
8608,6,6,12
87,6,6,12
8701,6,6,12
8710,6,6,12
8712,6,6,12
8714,6,6,12
8716 20 00,6,6,12
8716 80,6,6,12
90,6,6,12
90,6,6,12
9001,6,6,12
9003,6,6,12
9004,6,6,12
9017 20,6,6,12
9018,6,6,12
9019,6,6,12
9020,6,6,12
9021,6,6,12
9022,6,6,12
9403,6,6,12
9404,6,6,12
9404,6,6,12
9404,6,6,12
9405,6,6,12
9405 50 31,6,6,12
9405,6,6,12
9405,6,6,12
9503,6,6,12
9504,6,6,12
9506,6,6,12
9507,6,6,12
9601,6,6,12
9607,6,6,12
9607,6,6,12
9608,6,6,12
9608,6,6,12
9609,6,6,12
9615,6,6,12
9619 00 30,6,6,12
9619 00 40,6,6,12
9619 00 90,6,6,12
9701,6,6,12
9702,6,6,12
9703,6,6,12
9705,6,6,12
9706,6,6,12
9804,6,6,12
3406,6,6,12
4202 22,6,6,12
4202 29,6,6,12
4202 31 10,6,6,12
4202 31 90,6,6,12
4202 32,6,6,12
4202 39,6,6,12
4416,6,6,12
4421 99 90,6,6,12
4414 00 00,6,6,12
4420,6,6,12
4503 90 90,6,6,12
4504 90,6,6,12
6117,6,6,12
6214,6,6,12
6802,6,6,12
6815 99 90,6,6,12
6912 00 10,6,6,12
6912 00 20,6,6,12
6913 90 00,6,6,12
7009 92 00,6,6,12
7018 90 10,6,6,12
7020 00 90,6,6,12
7326 90 99,6,6,12
7419 99,6,6,12
7616 99 90,6,6,12
8306,6,6,12
9405 10,6,6,12
9401 50,6,6,12
9403 80,6,6,12
9503,6,6,12
9504,6,6,12
9601,6,6,12
9602,6,6,12
9701,6,6,12
9703,6,6,12
Any Chapter,6,6,12
1107,9,9,18
1302,9,9,18
1404 90 10,9,9,18
1404 90 50,9,9,18
1517 10,9,9,18
1520 00 00,9,9,18
1521,9,9,18
1522,9,9,18
1702,9,9,18
1704,9,9,18
1804,9,9,18
1805,9,9,18
1806,9,9,18
1901,9,9,18
1904,9,9,18
1905,9,9,18
2101 11,9,9,18
2101 12 00,9,9,18
2101 20,9,9,18
2104,9,9,18
2105 00 00,9,9,18
2106,9,9,18
2201,9,9,18
2202 91 00,9,9,18
2202 99 90,9,9,18
2207,9,9,18
2209,9,9,18
2515 12 20,9,9,18
2515 12 90,9,9,18
2516 12 00,9,9,18
2619,9,9,18
2620,9,9,18
2621,9,9,18
2706,9,9,18
2707,9,9,18
2708,9,9,18
2710,9,9,18
2711,9,9,18
2712,9,9,18
2713,9,9,18
2714,9,9,18
2715,9,9,18
28,9,9,18
29,9,9,18
30,9,9,18
3102,9,9,18
3103,9,9,18
3104,9,9,18
3105,9,9,18
3201,9,9,18
3202,9,9,18
3203,9,9,18
3204,9,9,18
3205,9,9,18
3206,9,9,18
3207,9,9,18
3208,9,9,18
3214,9,9,18
3209,9,9,18
3210,9,9,18
3211 00 00,9,9,18
3212,9,9,18
3213,9,9,18
3301,9,9,18
3302,9,9,18
3303,9,9,18
3304,9,9,18
3305,9,9,18
3306,9,9,18
3307,9,9,18
3401,9,9,18
3402,9,9,18
3403,9,9,18
3404,9,9,18
3405,9,9,18
3407,9,9,18
3501,9,9,18
3502,9,9,18
3503,9,9,18
3504,9,9,18
3505,9,9,18
3506,9,9,18
3507,9,9,18
3601,9,9,18
3602,9,9,18
3603,9,9,18
3604,9,9,18
3606,9,9,18
3701,9,9,18
3702,9,9,18
3703,9,9,18
3704,9,9,18
3706,9,9,18
3707,9,9,18
3801,9,9,18
3802,9,9,18
3803 00 00,9,9,18
3804,9,9,18
3805,9,9,18
3806,9,9,18
3807,9,9,18
3808,9,9,18
3809,9,9,18
3810,9,9,18
3811,9,9,18
3812,9,9,18
3813,9,9,18
3814,9,9,18
3815,9,9,18
3816,9,9,18
3817,9,9,18
3818,9,9,18
3819,9,9,18
3820,9,9,18
3821,9,9,18
3823,9,9,18
3824,9,9,18
3825,9,9,18
3901,9,9,18
3902,9,9,18
3903,9,9,18
3904,9,9,18
3905,9,9,18
3906,9,9,18
3907,9,9,18
3908,9,9,18
3909,9,9,18
3910,9,9,18
3911,9,9,18
3912,9,9,18
3913,9,9,18
3914,9,9,18
3916,9,9,18
3917,9,9,18
3918,9,9,18
3919,9,9,18
3920,9,9,18
3921,9,9,18
3922,9,9,18
3923,9,9,18
3924,9,9,18
3925,9,9,18
3926,9,9,18
4002,9,9,18
4003,9,9,18
4004,9,9,18
4005,9,9,18
4006,9,9,18
4007,9,9,18
4008,9,9,18
4009,9,9,18
4010,9,9,18
4011,9,9,18
4012,9,9,18
4013,9,9,18
4014,9,9,18
4015,9,9,18
4016,9,9,18
4017,9,9,18
4201,9,9,18
4202,9,9,18
4203,9,9,18
4205,9,9,18
4206,9,9,18
4301,9,9,18
4302,9,9,18
4303,9,9,18
4304,9,9,18
4403,9,9,18
4407,9,9,18
4408,9,9,18
4409,9,9,18
4410,9,9,18
4411,9,9,18
4412,9,9,18
4413,9,9,18
4414,9,9,18
4418,9,9,18
4421,9,9,18
44,9,9,18
44,9,9,18
4501,9,9,18
4803,9,9,18
4806,9,9,18
4809,9,9,18
4811,9,9,18
4812,9,9,18
4813,9,9,18
4814,9,9,18
4816,9,9,18
4817,9,9,18
4818,9,9,18
4819 20,9,9,18
4820,9,9,18
4821,9,9,18
4822,9,9,18
4823,9,9,18
5402,9,9,18
5402,9,9,18
5403,9,9,18
5404,9,9,18
5405,9,9,18
5406,9,9,18
5501,9,9,18
5502,9,9,18
5503,9,9,18
5504,9,9,18
5506,9,9,18
5507,9,9,18
5505,9,9,18
56012200,9,9,18
3923,9,9,18
6305,9,9,18
6305 32 00,9,9,18
6401,9,9,18
6402,9,9,18
6403,9,9,18
6404,9,9,18
6405,9,9,18
6406,9,9,18
6501,9,9,18
6502,9,9,18
6504 00 00,9,9,18
6505,9,9,18
6506,9,9,18
6507,9,9,18
6702,9,9,18
6703,9,9,18
6704,9,9,18
6801,9,9,18
6802,9,9,18
6803,9,9,18
6804,9,9,18
6805,9,9,18
6806,9,9,18
6807,9,9,18
6808,9,9,18
6809,9,9,18
6810,9,9,18
6811,9,9,18
6812,9,9,18
6813,9,9,18
6814,9,9,18
6815,9,9,18
6901,9,9,18
6902,9,9,18
6903,9,9,18
6904,9,9,18
6905,9,9,18
6906,9,9,18
6907,9,9,18
6909,9,9,18
6910,9,9,18
6914,9,9,18
7002,9,9,18
7003,9,9,18
7004,9,9,18
7005,9,9,18
7006 00 00,9,9,18
7007,9,9,18
7008,9,9,18
7009,9,9,18
7010,9,9,18
7011,9,9,18
7013,9,9,18
7014,9,9,18
7015,9,9,18
7016,9,9,18
7017,9,9,18
7018,9,9,18
7019,9,9,18
7020,9,9,18
7201,9,9,18
7202,9,9,18
7203,9,9,18
7204,9,9,18
7205,9,9,18
7206,9,9,18
7207,9,9,18
7208,9,9,18
7209,9,9,18
7210,9,9,18
7211,9,9,18
7212,9,9,18
7213,9,9,18
7214,9,9,18
7215,9,9,18
7216,9,9,18
7217,9,9,18
7218,9,9,18
7219,9,9,18
7220,9,9,18
7221,9,9,18
7222,9,9,18
7223,9,9,18
7224,9,9,18
7225,9,9,18
7226,9,9,18
7227,9,9,18
7228,9,9,18
7229,9,9,18
7301,9,9,18
7302,9,9,18
7303,9,9,18
7304,9,9,18
7305,9,9,18
7306,9,9,18
7307,9,9,18
7308,9,9,18
7309,9,9,18
7310,9,9,18
7311,9,9,18
7312,9,9,18
7313,9,9,18
7314,9,9,18
7315,9,9,18
7316,9,9,18
7317,9,9,18
7318,9,9,18
7319,9,9,18
7320,9,9,18
7321,9,9,18
7322,9,9,18
7323,9,9,18
7323 9410,9,9,18
7324,9,9,18
7325,9,9,18
7326,9,9,18
7401,9,9,18
7402,9,9,18
7403,9,9,18
7404,9,9,18
7405,9,9,18
7406,9,9,18
7407,9,9,18
7408,9,9,18
7409,9,9,18
7410,9,9,18
7411,9,9,18
7412,9,9,18
7413,9,9,18
7415,9,9,18
7418,9,9,18
7419,9,9,18
7501,9,9,18
7502,9,9,18
7503,9,9,18
7504,9,9,18
7505,9,9,18
7506,9,9,18
7507,9,9,18
7508,9,9,18
7601,9,9,18
7602,9,9,18
7603,9,9,18
7604,9,9,18
7605,9,9,18
7606,9,9,18
7607,9,9,18
7608,9,9,18
7609,9,9,18
7610,9,9,18
7611,9,9,18
7612,9,9,18
7613,9,9,18
7614,9,9,18
7615,9,9,18
7616,9,9,18
7801,9,9,18
7802,9,9,18
7804,9,9,18
7806,9,9,18
7901,9,9,18
7902,9,9,18
7903,9,9,18
7904,9,9,18
7905,9,9,18
7907,9,9,18
8001,9,9,18
8002,9,9,18
8003,9,9,18
8007,9,9,18
8101,9,9,18
8102,9,9,18
8103,9,9,18
8104,9,9,18
8105,9,9,18
8106,9,9,18
8107,9,9,18
8108,9,9,18
8109,9,9,18
8110,9,9,18
8111,9,9,18
8112,9,9,18
8113,9,9,18
8202,9,9,18
8203,9,9,18
8204,9,9,18
8205,9,9,18
8206,9,9,18
8207,9,9,18
8208,9,9,18
8209,9,9,18
8210 00 00,9,9,18
8212,9,9,18
8213 00 00,9,9,18
8214,9,9,18
8301,9,9,18
8302,9,9,18
8303,9,9,18
8304,9,9,18
8305,9,9,18
8307,9,9,18
8308,9,9,18
8309,9,9,18
8310,9,9,18
8311,9,9,18
84,9,9,18
84,9,9,18
85,9,9,18
8401,9,9,18
8402,9,9,18
8403,9,9,18
8404,9,9,18
8405,9,9,18
8406,9,9,18
8410,9,9,18
8411,9,9,18
8412,9,9,18
8413,9,9,18
8414,9,9,18
8416,9,9,18
8417,9,9,18
8418,9,9,18
8419,9,9,18
8420,9,9,18
8421,9,9,18
8422 20 00,9,9,18
8422 30 00,9,9,18
8422 40 00,9,9,18
8422 90,9,9,18
8423,9,9,18
8424,9,9,18
8425,9,9,18
8426,9,9,18
8427,9,9,18
8428,9,9,18
8429,9,9,18
8430,9,9,18
8431,9,9,18
8435,9,9,18
8438,9,9,18
8439,9,9,18
8440,9,9,18
8441,9,9,18
8442,9,9,18
8443,9,9,18
8444,9,9,18
8445,9,9,18
8446,9,9,18
8447,9,9,18
8448,9,9,18
8449,9,9,18
8450,9,9,18
8451,9,9,18
8453,9,9,18
8454,9,9,18
8455,9,9,18
8456,9,9,18
8457,9,9,18
8458,9,9,18
8459,9,9,18
8460,9,9,18
8461,9,9,18
8462,9,9,18
8463,9,9,18
8464,9,9,18
8465,9,9,18
8466,9,9,18
8467,9,9,18
8468,9,9,18
8470,9,9,18
8471,9,9,18
8472,9,9,18
8473,9,9,18
8474,9,9,18
8475,9,9,18
8476,9,9,18
8477,9,9,18
8478,9,9,18
8479,9,9,18
8480,9,9,18
8481,9,9,18
8482,9,9,18
8483,9,9,18
8484,9,9,18
8486,9,9,18
8487,9,9,18
8501,9,9,18
8502,9,9,18
8503,9,9,18
8504,9,9,18
8505,9,9,18
8506,9,9,18
8507 60 00,9,9,18
8507,9,9,18
8508,9,9,18
8509,9,9,18
8510,9,9,18
8512,9,9,18
8513,9,9,18
8514,9,9,18
8515,9,9,18
8516,9,9,18
8517,9,9,18
8518,9,9,18
8519,9,9,18
8521,9,9,18
8522,9,9,18
8523,9,9,18
8525,9,9,18
8526,9,9,18
8527,9,9,18
8528,9,9,18
8528,9,9,18
8529,9,9,18
8530,9,9,18
8531,9,9,18
8532,9,9,18
8533,9,9,18
8534 00 00,9,9,18
8535,9,9,18
8536,9,9,18
8537,9,9,18
8538,9,9,18
8539,9,9,18
8540,9,9,18
8541,9,9,18
8542,9,9,18
8543,9,9,18
8544,9,9,18
8545,9,9,18
8546,9,9,18
8547,9,9,18
8548,9,9,18
8609,9,9,18
8702,9,9,18
8703,9,9,18
8704,9,9,18
8705,9,9,18
8708,9,9,18
8709,9,9,18
8715,9,9,18
8716,9,9,18
8801,9,9,18
8804,9,9,18
8805,9,9,18
8908 00 00,9,9,18
9001,9,9,18
9002,9,9,18
9004,9,9,18
9005,9,9,18
9006,9,9,18
9007,9,9,18
9008,9,9,18
9010,9,9,18
9011,9,9,18
9012,9,9,18
9013,9,9,18
9014,9,9,18
9015,9,9,18
9016,9,9,18
9017,9,9,18
9022,9,9,18
9023,9,9,18
9024,9,9,18
9025,9,9,18
9026,9,9,18
9027,9,9,18
9028,9,9,18
9029,9,9,18
9030,9,9,18
9031,9,9,18
9032,9,9,18
9033,9,9,18
9101,9,9,18
9102,9,9,18
9103,9,9,18
9104,9,9,18
9105,9,9,18
9106,9,9,18
9107,9,9,18
9108,9,9,18
9109,9,9,18
9114,9,9,18
9110,9,9,18
9111,9,9,18
9112,9,9,18
9113,9,9,18
9201,9,9,18
9202,9,9,18
9205,9,9,18
9206 00 00,9,9,18
9207,9,9,18
9208,9,9,18
9209,9,9,18
9301,9,9,18
9303,9,9,18
9304,9,9,18
9305,9,9,18
9306,9,9,18
9307,9,9,18
9401,9,9,18
9402,9,9,18
9403,9,9,18
9404,9,9,18
9405,9,9,18
9406,9,9,18
9503,9,9,18
9504,9,9,18
9505,9,9,18
9506,9,9,18
9508,9,9,18
9602,9,9,18
9606 21 00,9,9,18
9606 22 00,9,9,18
9606 29,9,9,18
9606 30,9,9,18
9603,9,9,18
9604 00 00,9,9,18
9605,9,9,18
9608,9,9,18
9610 00 00,9,9,18
9611,9,9,18
9612,9,9,18
9613,9,9,18
9616,9,9,18
9617,9,9,18
9618,9,9,18
9620 00 00,9,9,18
9801,9,9,18
9802,9,9,18
4011 70 00,9,9,18
4013 90 49,9,9,18
8408 20 20,9,9,18
8413 81 90,9,9,18
8708 10 10,9,9,18
8708 30 00,9,9,18
8708 40 00,9,9,18
8708 50 00,9,9,18
8708 70 00,9,9,18
8708 91 00,9,9,18
8708 92 00,9,9,18
8708 93 00,9,9,18
8708 94 00,9,9,18
8708 99 00,9,9,18
8708 99 00,9,9,18
Any Chapter,9,9,18
Any Chapter,9,9,18
Any Chapter,9,9,18
1703,14,14,28
2106 90 20,14,14,28
2202 10,14,14,28
2202 99 90,14,14,28
2401,14,14,28
2402,14,14,28
2403,14,14,28
2515 12 20,14,14,28
2515 12 90,14,14,28
2516 12 00,14,14,28
2523,14,14,28
4011,14,14,28
8407,14,14,28
8408,14,14,28
8409,14,14,28
8413,14,14,28
8415,14,14,28
8422,14,14,28
8507,14,14,28
8511,14,14,28
8525,14,14,28
8528,14,14,28
8701,14,14,28
8702,14,14,28
8703,14,14,28
8704,14,14,28
8706,14,14,28
8707,14,14,28
8708,14,14,28
8711,14,14,28
8714,14,14,28
8802,14,14,28
8903,14,14,28
9302,14,14,28
9614,14,14,28
9804,14,14,28
Any Chapter,14,14,28
Any Chapter,14,14,28
7101,1.5,1.5,3
7105,1.5,1.5,3
7106,1.5,1.5,3
7107,1.5,1.5,3
7108,1.5,1.5,3
7109,1.5,1.5,3
7110,1.5,1.5,3
7111,1.5,1.5,3
7112,1.5,1.5,3
7113,1.5,1.5,3
7114,1.5,1.5,3
7115,1.5,1.5,3
7116,1.5,1.5,3
7117,1.5,1.5,3
7118,1.5,1.5,3
7113 11 10,1.5,1.5,3
7117,1.5,1.5,3
7102,0.125,0.125,0.25
7103,0.125,0.125,0.25
7104,0.125,0.125,0.25
101,0,0,0
102,0,0,0
103,0,0,0
104,0,0,0
105,0,0,0
106,0,0,0
201,0,0,0
"0203
0204
0205
0206
0207
0208
0209",0,0,0
"0202
0203
0204
0205
0206
0207
0208
0209
0210",0,0,0
3,0,0,0
301,0,0,0
302,0,0,0
"0304
0306
0307
0308",0,0,0
"0303
0304
0305
0306
0307
0308",0,0,0
401,0,0,0
403,0,0,0
406,0,0,0
407,0,0,0
409,0,0,0
501,0,0,0
504,0,0,0
504,0,0,0
506,0,0,0
0507 90,0,0,0
511,0,0,0
6,0,0,0
701,0,0,0
702,0,0,0
703,0,0,0
704,0,0,0
705,0,0,0
706,0,0,0
707,0,0,0
708,0,0,0
709,0,0,0
710,0,0,0
711,0,0,0
712,0,0,0
713,0,0,0
714,0,0,0
714,0,0,0
8,0,0,0
801,0,0,0
801,0,0,0
802,0,0,0
803,0,0,0
804,0,0,0
805,0,0,0
806,0,0,0
807,0,0,0
808,0,0,0
809,0,0,0
810,0,0,0
813,0,0,0
814,0,0,0
07,0,0,0
09,0,0,0
10,0,0,0
901,0,0,0
902,0,0,0
909,0,0,0
0910 11 10,0,0,0
0910 30 10,0,0,0
1001,0,0,0
1002,0,0,0
1003,0,0,0
1004,0,0,0
1005,0,0,0
1006,0,0,0
1007,0,0,0
1008,0,0,0
1101,0,0,0
1102,0,0,0
1103,0,0,0
1104,0,0,0
1105,0,0,0
1106,0,0,0
1106 10 10,0,0,0
12,0,0,0
1201,0,0,0
1202,0,0,0
1204,0,0,0
1205,0,0,0
1206,0,0,0
1207,0,0,0
1209,0,0,0
1210,0,0,0
1210 10 00,0,0,0
1211,0,0,0
1212,0,0,0
1213,0,0,0
1214,0,0,0
1301,0,0,0
1401,0,0,0
1404 90 40,0,0,0
1404 90 60,0,0,0
1404 90 90,0,0,0
1701,0,0,0
1702,,,
1904,0,0,0
1905,0,0,0
1905,0,0,0
2106,0,0,0
2201,0,0,0
2201,0,0,0
2202 90 90,0,0,0
2306,0,0,0
2306,0,0,0
2501,0,0,0
2716 00 00,0,0,0
2835,0,0,0
3002,0,0,0
3006,0,0,0
3101,0,0,0
3304,0,0,0
3825,0,0,0
3926,0,0,0
4014,0,0,0
4401,0,0,0
4402,0,0,0
44,0,0,0
68,0,0,0
46,0,0,0
46,0,0,0
4802,0,0,0
4907,0,0,0
4817,0,0,0
4907,0,0,0
48,0,0,0
4907,0,0,0
 71,0,0,0
4907,0,0,0
4901,0,0,0
4902,0,0,0
4903,0,0,0
4904 00 00,0,0,0
4905,0,0,0
4907,0,0,0
5001,0,0,0
5002,0,0,0
5003,0,0,0
5101,0,0,0
5102,0,0,0
5103,0,0,0
52,0,0,0
52,0,0,0
50,0,0,0
51,0,0,0
52,0,0,0
53,0,0,0
54,0,0,0
55,0,0,0
5303,0,0,0
5305,0,0,0
53,0,0,0
63,0,0,0
6703,0,0,0
6912 00 40,0,0,0
69,0,0,0
7018,0,0,0
7117,0,0,0
8201,0,0,0
8445,0,0,0
8446,0,0,0
8802 60 00,0,0,0
8803,0,0,0
9021,0,0,0
92,0,0,0
9603,0,0,0
9609,0,0,0
9610 00 00,0,0,0
9619 00 10,0,0,0
9619 00 20,0,0,0
9803,0,0,0
Any chapter,0,0,0
-,0,0,0
-,0,0,0
Any chapter,0,0,0
Any Chapter except 71,0,0,0
Any Chapter,0,0,0
2106 90 20,,,
2202 10 10,,,
2202 10 20,,,
2202 10 90,,,
2401,,,
2401,,,
2401 30 00,,,
2402 10 10,,,
2402 10 20,,,
2402 20 10,,,
2402 20 20,,,
2402 20 30,,,
2402 20 40,,,
2402 20 50,,,
2402 20 90,,,
2402 90 10,,,
2402 90 20,,,
2402 90 90,,,
2403 11 10,,,
2403 11 10,,,
2403 11 90,,,
2403 19 10,,,
2403 19 90,,,
2403 19 90,,,
2403 91 00,,,
2403 99 10,,,
2403 99 10,,,
2403 99 10,,,
2403 99 20,,,
2403 99 30,,,
2403 99 40,,,
2403 99 50,,,
2403 99 60,,,
2403 99 60,,,
2403 99 70,,,
2403 99 90,,,
2403 99 90,,,
2403 99 90,,,
2701,,,
2702,,,
2703,,,
"8702 10, 8702 20, 8702 30, 8702 90",,,
87,,,
8702 or 8703,,,
"8703 10 10, 8703 80",,,
8703,,,
8703,,,
"8703 40, 8703 60",,,
"8703 40, 8703 60",,,
"8703 40, 8703 60",,,
"8703 40, 8703 60",,,
"8704 50, 8703 70",,,
"8705 50, 8703 70",,,
"8706 50, 8703 70",,,
"8707 50, 8703 70",,,
8703,,,
8703 21 or 8703 22,,,
8703 31,,,
8703,,,
8703,,,
8703,,,
8711,,,
8802,,,
8903,,,
Any chapter,,,